[1,["62c19fb3-d1e1-4bca-86e1-43f2197a5b7c@6c48a"],["_textureSource"],["cc.SpriteFrame","cc.SpriteAtlas"],0,[[[{"name":"text_atlas","spriteFrames":["GAME OVER","bee137e2-cae0-415a-9df9-03c1e24ab6f9@ba6aa","MISSED","bee137e2-cae0-415a-9df9-03c1e24ab6f9@88a69","GOAL","bee137e2-cae0-415a-9df9-03c1e24ab6f9@04d2a"]}],[1],0,[],[],[]],[[{"name":"GOAL","rect":{"x":1047,"y":2,"width":333,"height":105},"offset":{"x":0,"y":3},"originalSize":{"width":333,"height":111},"rotated":false,"capInsets":[0,0,0,0],"vertices":{"rawPosition":[],"indexes":[],"uv":[],"nuv":[],"minPos":{"x":0,"y":0,"z":0},"maxPos":{"x":0,"y":0,"z":0}},"packable":true,"pixelsToUnit":100,"pivot":{"x":0.5,"y":0.5},"meshType":0}],[0],0,[0],[0],[0]],[[{"name":"MISSED","rect":{"x":546,"y":2,"width":497,"height":105},"offset":{"x":0.5,"y":3},"originalSize":{"width":498,"height":111},"rotated":false,"capInsets":[0,0,0,0],"vertices":{"rawPosition":[],"indexes":[],"uv":[],"nuv":[],"minPos":{"x":0,"y":0,"z":0},"maxPos":{"x":0,"y":0,"z":0}},"packable":true,"pixelsToUnit":100,"pivot":{"x":0.5,"y":0.5},"meshType":0}],[0],0,[0],[0],[0]],[[{"name":"GAME OVER","rect":{"x":2,"y":2,"width":540,"height":350},"offset":{"x":1,"y":-0.5},"originalSize":{"width":542,"height":351},"rotated":false,"capInsets":[0,0,0,0],"vertices":{"rawPosition":[],"indexes":[],"uv":[],"nuv":[],"minPos":{"x":0,"y":0,"z":0},"maxPos":{"x":0,"y":0,"z":0}},"packable":true,"pixelsToUnit":100,"pivot":{"x":0.5,"y":0.5},"meshType":0}],[0],0,[0],[0],[0]]]]
