[1,["bfp9lsCpZO66uzY7IfIR9U@6c48a"],["_textureSource"],["cc.SpriteFrame"],0,[{"name":"Group 1437253458","rect":{"x":0,"y":15,"width":368,"height":229},"offset":{"x":-2,"y":2},"originalSize":{"width":372,"height":263},"rotated":false,"capInsets":[0,0,0,0],"vertices":{"rawPosition":[-184,-114.5,0,184,-114.5,0,-184,114.5,0,184,114.5,0],"indexes":[0,1,2,2,1,3],"uv":[0,248,368,248,0,19,368,19],"nuv":[0,0.07224334600760456,0.989247311827957,0.07224334600760456,0,0.9429657794676806,0.989247311827957,0.9429657794676806],"minPos":{"x":-184,"y":-114.5,"z":0},"maxPos":{"x":184,"y":114.5,"z":0}},"packable":true,"pixelsToUnit":100,"pivot":{"x":0.5,"y":0.5},"meshType":0}],[0],0,[0],[0],[0]]
