[1,0,0,[["cc.TextAsset",["_name","text"],1]],[[0,0,1,3]],[[0,"text","{\n     \"PRACTICE\": \"تدريب\",\n     \"SCORE\": \"النقاط\",\n     \"TIMER\": \"المؤقت\",\n     \"LIVES\": \"المحاولات\",\n     \"QUIT_GAME\": \"هل تريد الخروج من اللعبة؟\",\n     \"QUIT_GAME_MSG\": \"سيتم فقدان التقدم الحالي وسيتم استخدام تذكرة اللعبة\",\n     \"RESUME\": \"متابعة\",\n     \"TAP_CONTINUE\": \"اضغط للمتابعة\",\n     \"LOADING_MSG\": \"جاري تحميل الركلات... استعد!\",\n     \"STARTS_IN\": \"تبدأ خلال\",\n     \"GOAL\": \"هدف\",\n     \"MISS\": \"ضائعة\",\n     \"GAME_OVER\": \"انتهت اللعبة\",\n     \"TUT_1\": \"ركّز على القوة والدقة معًا — اختر موقعك!\",\n     \"TUT_2\": \"لديك {0} ثانية للعب اللعبة\",\n     \"TUT_3\": \"تنتهي اللعبة عند إضاعة 3 أهداف\",\n     \"TUT_4\": \"حقق نقاطًا عالية للفوز بالمكافآت\",\n     \"TUT_5\": \"نصيحة احترافية: لأفضل تجربة ، عطّل وضع الطاقة المنخفضة\",\n     \"LAST_SEC_1\": \"الثواني الأخيرة! اجعلها تُحتسب!\",\n     \"LAST_SEC_2\": \"المحاولة الأخيرة! استخدمها جيدًا!\",\n     \"LAST_SEC_3\": \"اللحظات الأخيرة! اجعلها تُحتسب!\",\n     \"PAUSE_GAME\": \"\"\n}"]],0,0,[],[],[]]
