[1,["04Pu7J295CX6j5ZAF4paEy@6c48a"],["_textureSource"],["cc.SpriteFrame","cc.SpriteAtlas"],0,[[[{"name":"text_atlas","spriteFrames":["GAME OVER","07Ar6wvzhJRbBtOffSdi5D@ba6aa","MISSED","07Ar6wvzhJRbBtOffSdi5D@88a69","GOAL","07Ar6wvzhJRbBtOffSdi5D@04d2a"]}],[1],0,[],[],[]],[[{"name":"GOAL","rect":{"x":573,"y":2,"width":206,"height":90},"offset":{"x":0,"y":0},"originalSize":{"width":206,"height":90},"rotated":false,"capInsets":[0,0,0,0],"vertices":{"rawPosition":[],"indexes":[],"uv":[],"nuv":[],"minPos":{"x":0,"y":0,"z":0},"maxPos":{"x":0,"y":0,"z":0}},"packable":true,"pixelsToUnit":100,"pivot":{"x":0.5,"y":0.5},"meshType":0}],[0],0,[0],[0],[0]],[[{"name":"MISSED","rect":{"x":359,"y":2,"width":210,"height":126},"offset":{"x":0,"y":0},"originalSize":{"width":210,"height":126},"rotated":false,"capInsets":[0,0,0,0],"vertices":{"rawPosition":[],"indexes":[],"uv":[],"nuv":[],"minPos":{"x":0,"y":0,"z":0},"maxPos":{"x":0,"y":0,"z":0}},"packable":true,"pixelsToUnit":100,"pivot":{"x":0.5,"y":0.5},"meshType":0}],[0],0,[0],[0],[0]],[[{"name":"GAME OVER","rect":{"x":2,"y":2,"width":353,"height":294},"offset":{"x":0,"y":0},"originalSize":{"width":353,"height":294},"rotated":false,"capInsets":[0,0,0,0],"vertices":{"rawPosition":[],"indexes":[],"uv":[],"nuv":[],"minPos":{"x":0,"y":0,"z":0},"maxPos":{"x":0,"y":0,"z":0}},"packable":true,"pixelsToUnit":100,"pivot":{"x":0.5,"y":0.5},"meshType":0}],[0],0,[0],[0],[0]]]]
