[1,["1axOZ04PJJQ4dIqrTbjjU9@6c48a"],["_textureSource"],["cc.SpriteFrame"],0,[{"name":"game_splash","rect":{"x":0,"y":0,"width":781,"height":1688},"offset":{"x":0,"y":0},"originalSize":{"width":781,"height":1688},"rotated":false,"capInsets":[0,0,0,0],"vertices":{"rawPosition":[-390.5,-844,0,390.5,-844,0,-390.5,844,0,390.5,844,0],"indexes":[0,1,2,2,1,3],"uv":[0,1688,781,1688,0,0,781,0],"nuv":[0,0,1,0,0,1,1,1],"minPos":{"x":-390.5,"y":-844,"z":0},"maxPos":{"x":390.5,"y":844,"z":0}},"packable":true,"pixelsToUnit":100,"pivot":{"x":0.5,"y":0.5},"meshType":0}],[0],0,[0],[0],[0]]
