[1,["7d8f9b89-4fd1-4c9f-a3ab-38ec7cded7ca@f9941","7d8f9b89-4fd1-4c9f-a3ab-38ec7cded7ca@6c48a"],["node","root","data","_spriteFrame","_textureSource"],[["cc.Node",["_name","_layer","_components","_prefab","_children","_parent"],1,9,4,2,1],"cc.SpriteFrame",["cc.Prefab",["_name"],2],["cc.UITransform",["node","__prefab","_contentSize"],3,1,4,5],["cc.CompPrefabInfo",["fileId"],2],["cc.Sprite",["_sizeMode","node","__prefab","_color","_spriteFrame"],2,1,4,5,6],["cc.Button",["_transition","node","__prefab","clickEvents"],2,1,4,9],["cc.ClickEvent",[],3],["cc.Layout",["_resizeMode","_layoutType","node","__prefab"],1,1,4],["cc.PrefabInfo",["fileId","instance","targetOverrides","nestedPrefabInstanceRoots","root","asset"],-1,1,1],["cc.Label",["_string","_actualFontSize","_fontSize","_lineHeight","node","__prefab"],-1,1,4]],[[4,0,2],[3,0,1,2,1],[9,0,1,2,3,4,5,5],[2,0,2],[0,0,1,4,2,3,3],[0,0,1,5,2,3,3],[5,0,1,2,3,4,2],[6,0,1,2,3,2],[7,1],[8,0,1,2,3,3],[10,0,1,2,3,4,5,5]],[[[[3,"bar"],[4,"bar",33554432,[-6],[[1,-2,[0,"acEb5h6uBI06dfWQo8rB5k"],[5,172.9248046875,15.120000000000001]],[6,0,-3,[0,"66wNs6YXJM14BF91ezYqWT"],[4,4278190080],0],[7,3,-4,[0,"2aUVdDz99I4J5OIMUdwHGx"],[[8]]],[9,1,1,-5,[0,"cdj029gxxAjJ2JGRjssjE3"]]],[2,"f8XcBltYdKM5LlxP/KXXVE",null,null,null,-1,0]],[5,"Label",33554432,1,[[1,-7,[0,"10rMPOMFVAeLZ3QSEBpmKO"],[5,172.9248046875,15.120000000000001]],[10,"goal up and down and gso thaohoa ao ",10,10,12,-8,[0,"fbox6jAPJA/5qsEQEYtqsW"]]],[2,"fb0yOHD6FAKqOPQXgSU7zk",null,null,null,1,0]]],0,[0,1,1,0,0,1,0,0,1,0,0,1,0,0,1,0,-1,2,0,0,2,0,0,2,0,2,1,8],[0],[3],[0]],[[{"name":"default_sprite_splash","rect":{"x":0,"y":0,"width":2,"height":2},"offset":{"x":0,"y":0},"originalSize":{"width":2,"height":2},"rotated":false,"capInsets":[0,0,0,0],"vertices":{"rawPosition":[-1,-1,0,1,-1,0,-1,1,0,1,1,0],"indexes":[0,1,2,2,1,3],"uv":[0,2,2,2,0,0,2,0],"nuv":[0,0,1,0,0,1,1,1],"minPos":{"x":-1,"y":-1,"z":0},"maxPos":{"x":1,"y":1,"z":0}},"packable":true,"pixelsToUnit":100,"pivot":{"x":0.5,"y":0.5},"meshType":0}],[1],0,[0],[4],[1]]]]
