[1,["0225da51-8c34-48e4-86cc-841bbf1f66a9@6c48a","24a704da-2867-446d-8d1a-5e920c75e09d@6c48a","0225da51-8c34-48e4-86cc-841bbf1f66a9@f9941","bde8d57c-a474-49e7-9653-67bb0d92f0d4@f9941","7d8f9b89-4fd1-4c9f-a3ab-38ec7cded7ca@f9941","7b8f14f9-0973-4e39-9756-06869caa0767@f9941","79964d07-f648-4e2f-a76a-b8c955c7262a","f21a1a60-a47e-477f-8b26-1d061f2c7513","303e5933-2705-4805-8962-161c6451fc40","a1cea285-5c33-43f9-9f39-6169a7bdc563","c7ecd4f2-e617-4282-b9fb-29ecb08294ee","ffb50b6f-dc01-4afd-8a8f-79d66b68d6d4","27483be9-2b69-47c0-a4f9-d4a7210250fe","3bffa294-b5d2-401f-8581-9c1f9c895a03","4d3eadee-3fc7-4804-ae8e-78f093e7b219","d032ac98-05e1-4090-88bb-eb640dcb5fc1@b47c0","6f01cf7f-81bf-4a7e-bd5d-0afc19696480@b47c0","24a704da-2867-446d-8d1a-5e920c75e09d@f9941","7b8f14f9-0973-4e39-9756-06869caa0767@6c48a","bde8d57c-a474-49e7-9653-67bb0d92f0d4@6c48a"],["node","_spriteFrame","audioClip","_textureSource","_cameraComponent","bannerImages","textController","progressLabel","barCog","progressBar","scene","_parent","_envmapHDR","_envmapLDR"],[["cc.Node",["_name","_layer","_id","_active","_components","_parent","_lpos","_children","_lscale"],-1,9,1,5,2,5],"cc.SpriteFrame",["cc.Node",["_name","_layer","_active","_parent","_components","_lpos","_children"],0,1,12,5,2],["cc.Sprite",["_sizeMode","_isTrimmedMode","_type","node","_spriteFrame","_color"],0,1,6,5],["cc.Node",["_name","_id","_parent","_components","_lpos"],1,1,2,5],["cc.UITransform",["node","_contentSize","_anchorPoint"],3,1,5,5],["cc.Widget",["_alignFlags","_originalHeight","node"],1,1],["AudioObject",["name","isMusic","audioClip"],1,6],["cc.AudioClip",["_name","_native","_duration"],0],["cc.SceneAsset",["_name"],2],["cc.Canvas",["node","_cameraComponent"],3,1,1],["06d1fmLkSRDx7CG2/5XbfUU",["node","progressBar","barCog","progressLabel","textController","bannerImages"],3,1,1,1,1,1,1],["cc.Scene",["_name","_children","_prefab","_globals"],2,2,4,4],["cc.PrefabInfo",["root","asset","fileId","instance","targetOverrides","nestedPrefabInstanceRoots"],-3],["cc.SceneGlobals",["ambient","shadows","_skybox","fog","octree","skin","lightProbeInfo","postSettings"],3,4,4,4,4,4,4,4,4],["cc.AmbientInfo",["_skyIllumLDR","_skyColorHDR","_skyColorLDR","_groundAlbedoLDR"],2,5,5,5],["cc.ShadowsInfo",["_shadowColor"],3,5],["cc.SkyboxInfo",["_enabled","_envmapHDR","_envmapLDR"],2,6,6],["cc.FogInfo",[],3],["cc.OctreeInfo",[],3],["cc.SkinInfo",[],3],["cc.LightProbeInfo",[],3],["cc.PostSettingsInfo",[],3],["5d49cGbr9tBPIf0iRuSOT/4",["node"],3,1],["cc.Camera",["_projection","_priority","_orthoHeight","_far","_clearFlags","_visibility","node","_color"],-3,1,5],["cc.ProgressBar",["_totalLength","_progress","node","_barSprite"],1,1,1],["cc.Label",["_string","_actualFontSize","_fontSize","_isSystemFontUsed","node","_color"],-1,1,5],["2ed7fHR3llAaomHTd8uR0M8",[],3],["b049368YF5G7Ll/YI2mJK2/",["boundryMatArr"],3,3],["6d50fknUKZE5YSNJCpzkJOq",["node","arrayAudioObj"],3,1,9]],[[5,0,1,1],[8,0,1,2,4],[7,0,2,2],[3,0,1,3,4,3],[4,0,1,2,3,3],[9,0,2],[0,0,1,2,7,4,6,4],[0,0,1,5,4,3],[0,0,3,1,5,4,6,4],[0,0,1,5,4,6,8,3],[0,0,2,5,4,3],[2,0,1,3,6,4,5,3],[2,0,2,1,3,4,5,4],[2,0,1,3,4,5,3],[4,0,2,3,4,2],[5,0,1,2,1],[10,0,1,1],[6,0,2,2],[6,0,1,2,3],[11,0,1,2,3,4,5,1],[3,0,3,5,4,2],[3,2,0,3,5,3],[12,0,1,2,3,2],[13,0,1,2,3,4,5,7],[14,0,1,2,3,4,5,6,7,1],[15,0,1,2,3,2],[16,0,1],[17,0,1,2,2],[18,1],[19,1],[20,1],[21,1],[22,1],[23,0,1],[24,0,1,2,3,4,5,6,7,7],[25,0,1,2,3,3],[26,0,1,2,3,4,5,5],[27,1],[28,0,1],[29,0,1,1],[7,0,1,2,3]],[[[{"name":"game_splash","rect":{"x":0,"y":0,"width":536,"height":813},"offset":{"x":0,"y":0},"originalSize":{"width":536,"height":813},"rotated":false,"capInsets":[0,0,0,0],"vertices":{"rawPosition":[-268,-406.5,0,268,-406.5,0,-268,406.5,0,268,406.5,0],"indexes":[0,1,2,2,1,3],"uv":[0,813,536,813,0,0,536,0],"nuv":[0,0,1,0,0,1,1,1],"minPos":{"x":-268,"y":-406.5,"z":0},"maxPos":{"x":268,"y":406.5,"z":0}},"packable":true,"pixelsToUnit":100,"pivot":{"x":0.5,"y":0.5},"meshType":0}],[1],0,[0],[3],[0]],[[{"name":"default_progressbar","rect":{"x":0,"y":0,"width":30,"height":15},"offset":{"x":0,"y":0},"originalSize":{"width":30,"height":15},"rotated":false,"capInsets":[10,4,10,4],"vertices":{"rawPosition":[-15,-7.5,0,15,-7.5,0,-15,7.5,0,15,7.5,0],"indexes":[0,1,2,2,1,3],"uv":[0,15,30,15,0,0,30,0],"nuv":[0,0,1,0,0,1,1,1],"minPos":{"x":-15,"y":-7.5,"z":0},"maxPos":{"x":15,"y":7.5,"z":0}},"packable":true,"pixelsToUnit":100,"pivot":{"x":0.5,"y":0.5},"meshType":0}],[1],0,[0],[3],[1]],[[[1,"metal-whistle",".mp3",0.696],-1],0,0,[],[],[]],[[[1,"goal",".mp3",3.096],-1],0,0,[],[],[]],[[[1,"woosh_miss",".mp3",0.48],-1],0,0,[],[],[]],[[[5,"loading"],[6,"Canvas",33554432,"322cMs2NdK7amYrJnRCMyY",[-11,-12,-13,-14,-15],[[0,-1,[5,430,932.0000000000001]],[16,-3,-2],[17,45,-4],[19,-10,-9,-8,-7,-6,-5]],[1,215,466.00000000000006,0]],[11,"ProgressBar",33554432,1,[-19,-20],[[[0,-16,[5,295,8]],[3,2,false,-17,3],-18],4,4,1],[1,0,-302.057,0]],[22,"loading",[1,-21,-22,-23],[23,null,null,"77a5ca49-82c2-4488-b2c3-d057e43a2a15",null,null,null],[24,[25,0.8,[2,0.2,0.5,0.8,0.520833125],[2,0.452588,0.607642,0.755699,0],[2,0.618555,0.577848,0.544564,0]],[26,[4,4283190348]],[27,true,13,14],[28],[29],[30],[31],[32]]],[7,"background",33554432,1,[[0,-24,[5,614,932.0000000000001]],[3,0,false,-25,0],[18,5,1024,-26]]],[8,"cog",false,33554432,2,[[0,-27,[5,5,20]],[20,0,-28,[4,4279111423],2]],[1,-150,0,0]],[12,"progressLabel",false,33554432,1,[[[0,-29,[5,146.69921875,50.4]],-30,[33,-31]],4,1,4],[1,0,-332.944,0]],[9,"logo",33554432,1,[[0,-32,[5,481,481]],[3,2,false,-33,1]],[1,0,78,0],[1,0.5,0.5,1]],[13,"Bar",33554432,2,[[[15,-34,[5,0,10],[0,0,0.5]],-35],4,1],[1,-150,0,0]],[14,"Camera",1,[-36],[1,0,0,1000]],[34,0,1073741824,466.00000000000006,2000,6,41943040,9,[4,4278190080]],[21,1,0,8,[4,4281853183]],[35,300,0,2,11],[36,"LOADING_MSG",20,20,false,6,[4,4278190080]],[37],[4,"textcontroller","0cALlkLhBM+KRN3J/Ev9EH",3,[14]],[38,[4,5,6,7]],[4,"remoteBannerImages","7b4ePYIQ5FCbMq8XW4+MCD",3,[16]],[10,"soundController","e3wb+Au6BF5o3Etaxlz4zJ",3,[[39,-37,[[40,1,true,8],[2,2,9],[2,3,10],[2,4,11],[2,5,12]]]]]],0,[0,0,1,0,4,10,0,0,1,0,0,1,0,5,16,0,6,14,0,7,13,0,8,5,0,9,12,0,0,1,0,-1,9,0,-2,4,0,-3,7,0,-4,2,0,-5,6,0,0,2,0,0,2,0,-3,12,0,-1,8,0,-2,5,0,-2,18,0,-3,15,0,-4,17,0,0,4,0,0,4,0,0,4,0,0,5,0,0,5,0,0,6,0,-2,13,0,0,6,0,0,7,0,0,7,0,0,8,0,-2,11,0,-1,10,0,0,18,0,10,3,1,11,3,14,0,15,16,0,17,37],[0,0,0,0,0,0,0,0,0,0,0,0,0,0,0,11],[1,1,1,1,-1,-2,-3,-4,2,2,2,2,2,12,13,1],[2,3,4,5,6,7,8,9,10,11,12,13,14,15,16,17]],[[{"name":"Rectangle 427320554","rect":{"x":0,"y":0,"width":295,"height":8},"offset":{"x":0,"y":0},"originalSize":{"width":295,"height":8},"rotated":false,"capInsets":[0,0,0,0],"vertices":{"rawPosition":[-147.5,-4,0,147.5,-4,0,-147.5,4,0,147.5,4,0],"indexes":[0,1,2,2,1,3],"uv":[0,8,295,8,0,0,295,0],"nuv":[0,0,1,0,0,1,1,1],"minPos":{"x":-147.5,"y":-4,"z":0},"maxPos":{"x":147.5,"y":4,"z":0}},"packable":true,"pixelsToUnit":100,"pivot":{"x":0.5,"y":0.5},"meshType":0}],[1],0,[0],[3],[18]],[[{"name":"YallaLogo (3)","rect":{"x":6,"y":20,"width":473,"height":447},"offset":{"x":2,"y":-3},"originalSize":{"width":481,"height":481},"rotated":false,"capInsets":[0,0,0,0],"vertices":{"rawPosition":[-236.5,-223.5,0,236.5,-223.5,0,-236.5,223.5,0,236.5,223.5,0],"indexes":[0,1,2,2,1,3],"uv":[6,461,479,461,6,14,479,14],"nuv":[0.012474012474012475,0.029106029106029108,0.9958419958419958,0.029106029106029108,0.012474012474012475,0.9584199584199584,0.9958419958419958,0.9584199584199584],"minPos":{"x":-236.5,"y":-223.5,"z":0},"maxPos":{"x":236.5,"y":223.5,"z":0}},"packable":true,"pixelsToUnit":100,"pivot":{"x":0.5,"y":0.5},"meshType":0}],[1],0,[0],[3],[19]],[[[1,"football-crowd",".mp3",39.288],-1],0,0,[],[],[]],[[[1,"soccer-kick",".mp3",0.816],-1],0,0,[],[],[]]]]
