[1,["7dj5uJT9FMn6OrOOx83tfK@f9941","20g1ukYUVPvKWKBRznAKo+@f9941","77qlY14g9I4Z6Y+X51v4fE","20g1ukYUVPvKWKBRznAKo+@6c48a","54TknWPwVPqJqeCR+Y/Czo@6c48a","7dj5uJT9FMn6OrOOx83tfK@6c48a","95EkngnxZFbYuFpsqVTaFr@6c48a","3eX+9+J3RJbI6a2BNeaGB/","1axOZ04PJJQ4dIqrTbjjU9@f9941","bfp9lsCpZO66uzY7IfIR9U@f9941","54TknWPwVPqJqeCR+Y/Czo@f9941","95EkngnxZFbYuFpsqVTaFr@f9941"],["node","_spriteFrame","_textureSource","_parent","_cameraComponent","audioClip","container","popupContainer","_target","scene","_customMaterial","_normalSprite","_hoverSprite","_pressedSprite","_disabledSprite"],[["cc.Node",["_name","_layer","_id","_objFlags","_components","_parent","_lpos","_children","_lscale"],-1,9,1,5,2,5],["cc.Sprite",["_sizeMode","_type","node","_spriteFrame","_color","_customMaterial"],1,1,6,5,6],"cc.SpriteFrame",["cc.UITransform",["node","_contentSize"],3,1,5],["cc.Widget",["_alignFlags","_originalWidth","_originalHeight","node"],0,1],["cc.Label",["_string","_actualFontSize","_fontSize","_overflow","_enableWrapText","node","_color"],-2,1,5],["cc.AudioClip",["_name","_native","_duration"],0],["cc.SceneAsset",["_name"],2],["cc.Node",["_name","_active","_layer","_parent","_children","_components"],0,1,2,12],["cc.Node",["_name","_parent","_components","_lpos"],2,1,2,5],["cc.Canvas",["node","_cameraComponent"],3,1,1],["1b8a4ywg2RPg7G6I8uVtrxd",["node","container","popups"],3,1,1,2],["fb77bPGbrpMcZrot/pETuQ9",["node","popupContainer"],3,1,1],["89f8fQLqohFyLH/npY49hrw",["node"],3,1],["cc.Button",["_transition","node","_normalColor","_target","_normalSprite","_hoverSprite","_pressedSprite","_disabledSprite"],2,1,5,1,6,6,6,6],["cc.Scene",["_name","_children","_globals"],2,2,4],["cc.SceneGlobals",["ambient","shadows","_skybox","fog","octree","skin","lightProbeInfo","postSettings"],3,4,4,4,4,4,4,4,4],["cc.AmbientInfo",["_skyIllumLDR","_skyColorHDR","_skyColorLDR","_groundAlbedoLDR"],2,5,5,5],["cc.ShadowsInfo",["_shadowColor"],3,5],["cc.SkyboxInfo",[],3],["cc.FogInfo",[],3],["cc.OctreeInfo",[],3],["cc.SkinInfo",[],3],["cc.LightProbeInfo",[],3],["cc.PostSettingsInfo",[],3],["6d50fknUKZE5YSNJCpzkJOq",["node","arrayAudioObj"],3,1,9],["AudioObject",["name","audioClip"],2,6],["2ed7fHR3llAaomHTd8uR0M8",["node"],3,1],["44363K20pdNBIeUljgqVYSL",["node"],3,1],["cc.Camera",["_projection","_priority","_orthoHeight","_far","_clearFlags","_visibility","node","_color"],-3,1,5],["d97c4qZsfBD8JChdt8A3cb7",["node"],3,1],["40abfGZ045AGJ7JqUjnWpCP",["node"],3,1]],[[3,0,1,1],[4,0,1,2,3,4],[3,0,1],[0,0,1,2,7,4,6,4],[0,0,1,5,4,3],[0,0,1,2,5,4,6,4],[0,0,1,5,4,6,3],[8,0,1,2,3,4,5,4],[9,0,1,2,3,2],[10,0,1,1],[1,0,2,4,3,2],[26,0,1,2],[5,0,1,2,5,4],[29,0,1,2,3,4,5,6,7,7],[6,0,1,2,4],[7,0,2],[0,0,1,7,4,3],[0,0,1,5,7,4,3],[0,0,1,5,4,8,3],[0,0,1,5,4,6,8,3],[0,0,3,1,5,4,4],[4,0,3,2],[11,0,1,2,1],[12,0,1,1],[1,1,0,2,3,3],[1,0,2,5,3,2],[1,0,2,3,2],[1,2,3,1],[13,0,1],[14,0,1,2,3,4,5,6,7,2],[15,0,1,2,2],[16,0,1,2,3,4,5,6,7,1],[17,0,1,2,3,2],[18,0,1],[19,1],[20,1],[21,1],[22,1],[23,1],[24,1],[25,0,1,1],[27,0,1],[28,0,1],[5,0,1,2,3,4,5,6,6],[30,0,1],[31,0,1]],[[[{"name":"default_btn_normal","rect":{"x":0,"y":0,"width":40,"height":40},"offset":{"x":0,"y":0},"originalSize":{"width":40,"height":40},"rotated":false,"capInsets":[12,12,12,12],"vertices":{"rawPosition":[-20,-20,0,20,-20,0,-20,20,0,20,20,0],"indexes":[0,1,2,2,1,3],"uv":[0,40,40,40,0,0,40,0],"nuv":[0,0,1,0,0,1,1,1],"minPos":{"x":-20,"y":-20,"z":0},"maxPos":{"x":20,"y":20,"z":0}},"packable":true,"pixelsToUnit":100,"pivot":{"x":0.5,"y":0.5},"meshType":0}],[2],0,[0],[2],[3]],[[{"name":"default_btn_pressed","rect":{"x":0,"y":0,"width":40,"height":40},"offset":{"x":0,"y":0},"originalSize":{"width":40,"height":40},"rotated":false,"capInsets":[12,12,12,12],"vertices":{"rawPosition":[-20,-20,0,20,-20,0,-20,20,0,20,20,0],"indexes":[0,1,2,2,1,3],"uv":[0,40,40,40,0,0,40,0],"nuv":[0,0,1,0,0,1,1,1],"minPos":{"x":-20,"y":-20,"z":0},"maxPos":{"x":20,"y":20,"z":0}},"packable":true,"pixelsToUnit":100,"pivot":{"x":0.5,"y":0.5},"meshType":0}],[2],0,[0],[2],[4]],[[[14,"click",".mp3",1.071],-1],0,0,[],[],[]],[[{"name":"default_sprite_splash","rect":{"x":0,"y":0,"width":2,"height":2},"offset":{"x":0,"y":0},"originalSize":{"width":2,"height":2},"rotated":false,"capInsets":[0,0,0,0],"vertices":{"rawPosition":[-1,-1,0,1,-1,0,-1,1,0,1,1,0],"indexes":[0,1,2,2,1,3],"uv":[0,2,2,2,0,0,2,0],"nuv":[0,0,1,0,0,1,1,1],"minPos":{"x":-1,"y":-1,"z":0},"maxPos":{"x":1,"y":1,"z":0}},"packable":true,"pixelsToUnit":100,"pivot":{"x":0.5,"y":0.5},"meshType":0}],[2],0,[0],[2],[5]],[[{"name":"default_btn_disabled","rect":{"x":0,"y":0,"width":40,"height":40},"offset":{"x":0,"y":0},"originalSize":{"width":40,"height":40},"rotated":false,"capInsets":[12,12,12,12],"vertices":{"rawPosition":[-20,-20,0,20,-20,0,-20,20,0,20,20,0],"indexes":[0,1,2,2,1,3],"uv":[0,40,40,40,0,0,40,0],"nuv":[0,0,1,0,0,1,1,1],"minPos":{"x":-20,"y":-20,"z":0},"maxPos":{"x":20,"y":20,"z":0}},"packable":true,"pixelsToUnit":100,"pivot":{"x":0.5,"y":0.5},"meshType":0}],[2],0,[0],[2],[6]],[[[15,"Loading"],[3,"Canvas",33554432,"72Wl+gjq1K/4+KHdvdyDVe",[-5,-6,-7,-8,-9],[[0,-1,[5,390,844]],[9,-3,-2],[21,45,-4]],[1,195,422,0]],[16,"PopupController",33554432,[-18,-19],[[22,-13,-12,[-10,-11]],[0,-14,[5,390,844]],[1,45,100,100,-15],[23,-17,-16]]],[7,"NetworkErrorPopup",false,33554432,2,[-24,-25],[[[0,-20,[5,390,844]],[10,0,-21,[4,4288387995],11],[1,45,300,300,-22],-23],4,4,4,1]],[3,"PersistanceNode",33554432,"8aMEK672ZIhKvZG7HwEBHj",[-30,2],[[0,-26,[5,390,844]],[9,-28,-27],[28,-29]],[1,195,422,0]],[17,"Button",33554432,3,[-35],[[0,-31,[5,100,40]],[24,1,0,-32,6],[29,2,-34,[4,4292269782],-33,7,8,9,10]]],[7,"LoadingPopup",false,33554432,2,[-40],[[[0,-36,[5,390,844]],[10,0,-37,[4,4288387995],12],[1,45,100,100,-38],-39],4,4,4,1]],[30,"Loading",[-41,-42,1,4],[31,[32,0.8,[2,0.2,0.5,0.8,0.520833125],[2,0.452588,0.607642,0.755699,0],[2,0.618555,0.577848,0.544564,0]],[33,[4,4283190348]],[34],[35],[36],[37],[38],[39]]],[4,"background",33554432,1,[[0,-43,[5,390,844]],[25,0,-44,2,3],[1,45,100,100,-45]]],[5,"SoundControlller",33554432,"ae6oYxAShFIKwsHJugjzMe",7,[[2,-46],[40,-47,[[11,1,0],[11,2,1]]]],[1,195,422,0]],[5,"TextController",33554432,"831M7nRQ5HbIjp4IirMf5H",7,[[2,-48],[41,-49]],[1,195,422,0]],[4,"LoadingClass",33554432,1,[[2,-50],[42,-51]]],[18,"SpriteSplash",33554432,1,[[0,-52,[5,781,1688]],[26,2,-53,4]],[1,0.5,0.5,1]],[19,"Group 1437253458",33554432,1,[[0,-54,[5,368,229]],[27,-55,5]],[1,0,279.225,0],[1,0.5,0.5,1]],[6,"msg",33554432,3,[[0,-56,[5,142.2471908792092,50.4]],[12,"Netwok errror....",25.971563981042657,20,-57]],[1,0,70.659,0]],[20,"Label",512,33554432,5,[[0,-58,[5,100,40]],[43,"Try Again",25.971563981042657,20,1,false,-59,[4,4278190080]]]],[6,"msg",33554432,6,[[0,-60,[5,87.84620354645443,50.4]],[12,"Loading...",25.971563981042657,20,-61]],[1,0,70.659,0]],[8,"Camera",1,[-62],[1,0,0,1000]],[13,0,1073741824,422,2000,6,41943040,17,[4,4278190080]],[8,"Camera",4,[-63],[1,0,0,1000]],[13,0,1073741824,422,2000,6,33554432,19,[4,4278190080]],[44,3],[45,6]],0,[0,0,1,0,4,18,0,0,1,0,0,1,0,-1,17,0,-2,8,0,-3,11,0,-4,12,0,-5,13,0,-1,21,0,-2,22,0,6,2,0,0,2,0,0,2,0,0,2,0,7,2,0,0,2,0,-1,3,0,-2,6,0,0,3,0,0,3,0,0,3,0,-4,21,0,-1,14,0,-2,5,0,0,4,0,4,20,0,0,4,0,0,4,0,-1,19,0,0,5,0,0,5,0,8,5,0,0,5,0,-1,15,0,0,6,0,0,6,0,0,6,0,-4,22,0,-1,16,0,-1,9,0,-2,10,0,0,8,0,0,8,0,0,8,0,0,9,0,0,9,0,0,10,0,0,10,0,0,11,0,0,11,0,0,12,0,0,12,0,0,13,0,0,13,0,0,14,0,0,14,0,0,15,0,0,15,0,0,16,0,0,16,0,-1,18,0,-1,20,0,9,7,1,3,7,2,3,4,4,3,7,63],[0,0,0,0,0,0,0,0,0,0,0,0,0],[5,5,10,1,1,1,1,11,12,13,14,1,1],[2,2,7,0,8,9,1,1,1,10,11,0,0]]]]
