[1,0,0,[["cc.TextAsset",["_name","text"],1]],[[0,0,1,3]],[[0,"text","{\n     \"PRACTICE\": \"PRACTICE\",\n     \"SCORE\": \"SCORE\",\n     \"TIMER\": \"TIMER\",\n     \"LIVES\": \"LIVES\",\n     \"QUIT_GAME\": \"Quit Game?\",\n     \"QUIT_GAME_MSG\": \"Current progress will be lost & a\\ngame pass will be used\",\n     \"RESUME\": \"Resume\",\n     \"TAP_CONTINUE\": \"TAP TO CONTINUE\",\n     \"LOADING_MSG\": \"LOADING YOUR KICKS... GEAR UP!\",\n     \"STARTS_IN\": \"STARTS IN\",\n     \"GOAL\": \"GOAL\",\n     \"MISS\": \"MISSED\",\n     \"GAME_OVER\": \"GAME OVER\",\n     \"TUT_1\": \"Focus on both power and precision — pick your spot!\",\n     \"TUT_2\": \"You get {0} seconds to play the game\",\n     \"TUT_3\": \"Game ends on missing 3 goals\",\n     \"TUT_4\": \"Make high scores to win rewards\",\n     \"TUT_5\": \"Pro Tip: For the best experience, keep Low Power Mode off.\",\n     \"LAST_SEC_1\": \"LAST FEW SECONDS! MAKE IT COUNT!\",\n     \"LAST_SEC_2\": \"LAST LIFE! USE IT WELL!\",\n     \"LAST_SEC_3\": \"FINAL STRETCH! MAKE IT COUNT!\",\n     \"PAUSE_GAME\": \"Game Paused!\"\n}"]],0,0,[],[],[]]
